Primary ID,Secondary ID,TCA [hours],Miss Distance [m],Radial [m],Tangential [m],Normal [m],Relative Velocity [m/s]
52373,92008,0.380803775091966,573998.1245553086,-24702.31839231876,-572002.9464560213,-40942.29725706656,1272.626194977485
52373,92001,167.31512818902732,682870.6192245686,-36636.35330185521,-680983.1436716549,-35100.117549059956,1149.595776280054
52373,92009,20.133148758212727,4332.815964880178,-4298.946856503986,539.3560466419194,38.015331457760794,479.09338428418647
