Primary ID,Secondary ID,TCA [hours],Miss Distance [m],Radial [m],Tangential [m],Normal [m],Relative Velocity [m/s]
52373,92009,63.75652366760704,6567.050417508911,-4192.461603224632,-5053.515055608594,106.78236899592378,168.2846223537744
